"day","month","weather","expenditure"
1,"Jan","sunny",83.8281344948336
2,"Mar","sunny",389.783776481636
31,"Jan","sunny",147.477537798695
18,"Jul","cloudy",328.88421599986
14,"May","rainy",148.320413886104
31,"Mar","cloudy",22.5498364842497
13,"May","rainy",245.188812414417
10,"Jan","sunny",312.207754065748
8,"May","rainy",281.5301955014
14,"Jan","sunny",368.000682095299
15,"Jan","cloudy",137.108093763236
29,"May","rainy",42.1035222150385
23,"Jan","cloudy",90.5518590460997
14,"Jan","cloudy",150.602702822071
24,"Jul","cloudy",81.1429086467251
31,"Jan","sunny",334.738596687093
25,"Jan","sunny",65.3470338613261
27,"Jul","sunny",149.263822791399
5,"May","sunny",63.340592677705
11,"Jul","sunny",243.168767768657
2,"Jan","sunny",379.518476391677
28,"Jan","rainy",293.127327462425
27,"Jul","sunny",56.4376761845779
23,"Jul","sunny",239.022594096605
8,"Jul","sunny",202.948407230433
20,"Jul","sunny",100.466717249947
29,"Jul","sunny",244.801084911451
29,"Jul","rainy",199.572716952534
31,"Mar","sunny",173.589887130074
9,"Jan","cloudy",399.289319049567
26,"Mar","cloudy",386.297308414942
29,"Jul","cloudy",392.776263719425
28,"Jul","rainy",78.9949079498183
11,"Jul","cloudy",61.7627533013001
3,"Jan","rainy",378.892704073805
24,"Jul","rainy",45.502620030893
27,"Jan","sunny",88.3201565220952
19,"Jul","rainy",252.411679228535
12,"May","sunny",84.8648156120908
17,"May","rainy",380.519390101545
15,"Jul","rainy",126.283933025552
5,"May","cloudy",106.945978348376
29,"Mar","sunny",227.72571344045
11,"Mar","rainy",160.097617739812
4,"Jul","cloudy",167.224830092164
8,"Jul","rainy",397.539382794639
8,"Mar","sunny",145.355820850236
14,"Jul","rainy",265.908008090919
4,"Mar","sunny",101.505697109969
16,"Mar","rainy",196.094675739296
5,"Jan","sunny",191.215429458534
21,"May","cloudy",10.7281954819337
16,"May","sunny",396.594895655289
24,"May","sunny",77.7706512622535
8,"Jan","sunny",254.132538663689
10,"May","rainy",221.920134891989
2,"Jul","rainy",256.055196352536
29,"Jan","sunny",270.337805970339
27,"Mar","cloudy",86.7406234610826
19,"Jan","rainy",62.4828982295003
30,"Jul","cloudy",327.542905160226
30,"Mar","cloudy",343.513106314931
28,"May","sunny",57.8945736412425
30,"Jan","cloudy",142.207609999459
31,"May","cloudy",98.3113805332687
4,"Jul","rainy",393.022364296485
27,"Mar","sunny",248.577774977311
11,"Jan","rainy",141.24569757143
30,"May","sunny",120.265500921523
1,"Jan","rainy",291.986855741125
1,"May","cloudy",367.660649435129
19,"Mar","rainy",163.812813056866
10,"May","rainy",253.722145161591
3,"Jul","rainy",19.8890414112248
23,"May","sunny",374.819060495356
12,"May","rainy",210.383873584215
25,"Jul","rainy",167.787227557274
14,"Jul","sunny",80.8468446496408
13,"May","rainy",305.738110439852
21,"May","rainy",389.425268257037
25,"May","cloudy",344.955945619149
30,"Jul","cloudy",359.67598092393
17,"Jan","cloudy",205.58750298107
14,"Jul","sunny",147.211188880028
17,"Mar","sunny",136.325130021432
17,"Jan","sunny",231.505946025718
12,"Jan","cloudy",285.413439812837
18,"Mar","sunny",379.933975227177
6,"Mar","sunny",225.742794111138
9,"May","sunny",20.720538928872
15,"Jul","rainy",191.737698664656
21,"May","cloudy",13.8673701905645
9,"May","sunny",276.049607309978
31,"May","sunny",263.731460954295
4,"Mar","rainy",266.366971880198
12,"Mar","cloudy",133.562212645775
29,"Mar","cloudy",127.679120987887
1,"Mar","rainy",367.735179651063
31,"Mar","sunny",383.124989413191
3,"Jan","rainy",382.019127128879
1,"Mar","cloudy",265.047839792678
17,"Jan","cloudy",364.996262363857
30,"Jul","rainy",225.428217210574
1,"Jan","sunny",274.550370865036
17,"May","rainy",327.424472774146
4,"Jan","rainy",153.49179657409
30,"Jul","sunny",59.3078174255788
20,"May","rainy",378.963715222199
7,"Jul","cloudy",217.434398148907
8,"Mar","rainy",370.579948639497
23,"Jan","rainy",295.409642425366
26,"Mar","cloudy",37.9707859107293
9,"Jul","cloudy",377.262216728413
8,"Mar","sunny",10.9978953504469
10,"Jan","cloudy",163.174535467988
16,"Jul","cloudy",162.614786132472
29,"Jul","cloudy",171.556667501573
21,"Jan","cloudy",117.946357239271
25,"Jul","sunny",296.985094493721
6,"Jan","sunny",394.517481122166
26,"May","rainy",299.976744729793
5,"Mar","rainy",293.896615087288
14,"May","cloudy",216.57593880198
19,"Jan","cloudy",267.694677234394
21,"Jan","rainy",337.330882144161
26,"Mar","sunny",225.478066498181
26,"Jan","sunny",148.528297945159
16,"Jan","rainy",366.755881388672
19,"Mar","cloudy",114.485485091573
28,"May","sunny",229.170840175357
9,"May","sunny",276.940045622177
3,"Jan","sunny",312.941448102938
4,"Jul","rainy",371.787537487689
30,"Mar","sunny",192.838754144032
9,"Jan","rainy",201.042454260169
24,"Mar","cloudy",70.5593335267622
13,"Jan","rainy",269.630086392863
3,"May","rainy",70.7843742356636
1,"May","rainy",198.251800499856
22,"Jul","sunny",203.422860011924
21,"May","rainy",51.9497744203545
30,"Jan","rainy",185.203395115677
11,"Jul","rainy",72.4007959791925
11,"Mar","rainy",316.040207888
31,"Jul","rainy",79.4865372462664
8,"May","sunny",69.9159864720423
18,"May","sunny",103.797666884493
18,"May","cloudy",62.3692090064287
6,"Jul","sunny",180.05670200102
4,"May","rainy",155.799678394105
4,"May","sunny",349.879502040567
17,"Jan","sunny",348.751042549266
29,"Jan","cloudy",285.761431024875
18,"Jan","cloudy",318.807334827725
29,"Jan","rainy",282.486835122108
30,"Mar","sunny",38.398382414598
8,"May","cloudy",214.382054298185
31,"May","cloudy",104.522625055397
8,"Mar","cloudy",203.032190633239
8,"Jan","cloudy",49.1301101492718
25,"May","sunny",317.941281214589
29,"Jan","rainy",225.538427280262
29,"Mar","sunny",126.419833649416
23,"May","sunny",248.840265098261
20,"Mar","rainy",178.892919584177
23,"May","rainy",371.966048405739
30,"Mar","sunny",256.264067781158
18,"Mar","cloudy",348.041546791792
21,"Mar","cloudy",276.482202464249
3,"Jan","rainy",42.322466726182
9,"Jul","cloudy",124.181740813656
31,"Jan","sunny",393.809837142471
11,"Jan","sunny",45.6573894747999
18,"Mar","rainy",323.038828689605
5,"Mar","cloudy",241.911469332408
15,"Mar","cloudy",288.779393243603
9,"Jan","rainy",71.6099167265929
31,"Jul","cloudy",279.019393140916
13,"Jan","cloudy",374.851429313421
21,"Jul","cloudy",300.922287479043
4,"Jul","sunny",62.3589945689309
16,"Jul","cloudy",126.672037413809
27,"Jul","cloudy",94.2038170946762
24,"Jul","rainy",15.1398150378373
7,"Mar","cloudy",59.4563767232466
15,"Mar","cloudy",316.130284024402
1,"Jul","sunny",26.853320770897
17,"Mar","rainy",37.5207537878305
9,"Jan","cloudy",6.5468591847457
8,"Mar","cloudy",164.488499775762
1,"Jul","cloudy",107.108312444761
23,"Jul","cloudy",398.886659053387
15,"Mar","cloudy",61.0166159796063
23,"Mar","rainy",200.226548830979
21,"May","sunny",274.837217358872
26,"Jan","sunny",160.065870442195
24,"Jan","sunny",158.177138223546
12,"Jul","sunny",280.158685739152
13,"May","cloudy",270.049872689415
2,"Mar","cloudy",57.1957390103489
29,"Jul","rainy",375.176387849497
1,"Jul","rainy",116.179185609799
2,"Jul","cloudy",35.5653861712199
27,"Jan","cloudy",189.823468748946
30,"Mar","rainy",202.212500624591
12,"Jan","cloudy",100.267186561832
5,"Jul","sunny",365.478598283371
3,"Jan","cloudy",195.688993027434
2,"Jul","rainy",333.159208107973
15,"Jul","sunny",343.233259513509
11,"Jul","cloudy",82.7639897703193
16,"May","cloudy",81.5051058959216
29,"Jan","sunny",250.26484854985
11,"Jan","rainy",217.105149116833
28,"Jul","sunny",256.58124213689
18,"Jul","sunny",88.2466892735101
9,"Jan","cloudy",399.665105413878
22,"Jul","sunny",124.670363028999
17,"Jan","cloudy",54.0842113853432
16,"Jan","cloudy",110.883312780643
11,"Mar","cloudy",36.0278850304894
17,"Jul","rainy",253.783361798851
24,"Mar","sunny",343.497242184822
6,"Jan","rainy",50.8997248194646
5,"Mar","sunny",200.557089555077
5,"Jul","cloudy",310.518634754699
26,"Jul","sunny",165.855921279872
14,"Jul","rainy",240.139906593831
21,"Jul","rainy",213.55070852791
8,"Jul","rainy",34.5139548415318
3,"Mar","cloudy",183.609901756281
20,"Jul","cloudy",320.108020780608
31,"Mar","cloudy",353.308867203305
9,"Jan","cloudy",33.6005529214162
3,"Jan","rainy",238.393339866307
14,"Mar","sunny",39.8498051939532
28,"May","cloudy",390.981011652621
2,"Jan","cloudy",343.381125831511
14,"May","sunny",231.48552165716
26,"Jul","rainy",262.851996092359
9,"Jan","rainy",349.683326808736
21,"Jul","sunny",169.278310385998
13,"Mar","rainy",364.285244166385
20,"May","sunny",247.334242326906
18,"Jul","sunny",199.095498598181
16,"Jul","cloudy",275.125366948778
30,"Mar","cloudy",44.9807550245896
26,"May","cloudy",129.776120220777
27,"Jul","sunny",159.103918467881
26,"May","sunny",51.9516868970823
3,"May","rainy",305.155812456505
31,"Jan","cloudy",254.030294043478
12,"May","cloudy",155.771643113112
22,"Jul","cloudy",300.911960288649
19,"Mar","cloudy",346.746757098008
17,"Mar","sunny",257.84579023486
4,"May","cloudy",74.4135990564246
5,"Jan","rainy",251.054199844366
24,"Jul","sunny",143.006328061456
11,"May","rainy",12.1050920919515
29,"Mar","rainy",109.577494271798
5,"Jul","cloudy",116.559409159236
26,"Jul","rainy",299.362515236717
27,"May","sunny",60.9700873843394
16,"Jan","rainy",181.595513792709
13,"Jul","rainy",381.681587172206
16,"Jul","rainy",286.82785729412
30,"May","cloudy",299.216012253892
27,"Mar","rainy",78.7912154290825
1,"Jul","cloudy",336.868765964173
5,"Jul","cloudy",312.336225598119
3,"Mar","rainy",26.946753191296
17,"Jan","sunny",78.9352305827197
23,"Jan","cloudy",330.953882955946
25,"May","rainy",396.083713480039
6,"Jul","cloudy",361.566484356299
2,"May","cloudy",63.2425537589006
2,"Jan","cloudy",319.880081604933
18,"Mar","sunny",326.092781154439
2,"Mar","cloudy",331.560457207961
26,"Jan","rainy",76.2784531363286
4,"May","rainy",94.5224830810912
10,"Jan","sunny",60.4901146772318
9,"Mar","cloudy",352.20315933344
10,"May","rainy",301.948565624189
29,"Jul","rainy",268.280777547043
31,"Jul","sunny",100.891144624911
1,"May","cloudy",46.0273489239626
22,"Jan","rainy",90.0860786729027
4,"Mar","cloudy",372.54740500357
1,"Jul","rainy",372.084139038343
20,"Jan","sunny",383.266724033747
14,"Jan","cloudy",193.157125832513
24,"Mar","rainy",174.655335870339
25,"May","sunny",58.4712541208137
23,"Jul","rainy",257.936432067072
24,"Mar","cloudy",79.5203791174572
19,"Jan","sunny",83.4081179101486
14,"May","cloudy",68.0024933128152
12,"Mar","sunny",89.5340364484582
3,"Mar","sunny",168.525807308033
2,"Jan","cloudy",50.4099370003678
15,"Jul","rainy",255.605734523851
2,"May","rainy",311.783609768609
31,"Jan","cloudy",172.936200009426
1,"May","rainy",162.702131184051
17,"May","cloudy",272.977364688413
8,"Jul","rainy",86.2433506338857
23,"May","sunny",184.990762007656
11,"Jul","cloudy",239.061000988586
12,"May","rainy",296.129331283737
30,"Jul","cloudy",175.985925988061
6,"May","cloudy",397.786168901948
20,"Jan","cloudy",99.9164265580475
18,"Mar","rainy",93.0397929856554
5,"Mar","sunny",9.74945914465934
27,"Jan","sunny",190.706447620178
29,"May","rainy",11.5624477202073
17,"May","rainy",151.230596384266
29,"Jan","cloudy",5.57466968894005
31,"Mar","cloudy",27.3292409034912
11,"Mar","sunny",383.94467206439
1,"May","sunny",19.8212707589846
26,"Mar","cloudy",210.931570407702
8,"Jul","rainy",231.283417701488
8,"Jul","sunny",216.150722156744
2,"Jul","cloudy",309.831166921649
4,"Jan","sunny",50.585264810361
19,"Jul","cloudy",217.958388722036
5,"May","sunny",234.266249483917
26,"Mar","rainy",11.7613270902075
5,"May","sunny",73.6410593474284
16,"Jul","sunny",282.63741284376
21,"Mar","rainy",297.067911587656
13,"Jul","cloudy",361.357789506437
3,"May","cloudy",113.894619635539
11,"May","cloudy",396.573959392263
21,"Mar","sunny",285.078585692681
22,"Jan","cloudy",220.541848368011
7,"Jan","rainy",339.920589367393
27,"May","cloudy",215.355465774192
6,"Mar","sunny",244.842402593931
15,"Jan","cloudy",144.289905463811
1,"May","cloudy",233.018830629298
14,"Jul","sunny",239.353348186705
14,"Jan","sunny",51.6657553939149
12,"May","rainy",224.049018822843
29,"May","sunny",316.234306480037
9,"May","rainy",163.48241920583
19,"Jan","rainy",243.861655833898
14,"Jul","sunny",314.323974724393
16,"Jan","cloudy",40.5099214368965
14,"May","cloudy",302.813584872056
13,"Mar","cloudy",211.393792534946
5,"Jan","rainy",300.911554985214
23,"Jan","cloudy",246.895861183293
20,"Jan","sunny",184.99842239893
9,"Jan","sunny",214.390489520738
31,"Jul","rainy",287.226075322833
28,"May","sunny",56.4488473662641
30,"Jan","cloudy",133.738015195122
9,"Jul","sunny",89.3532065546606
7,"Jan","sunny",212.411713170586
29,"May","sunny",14.9331410950981
5,"Mar","sunny",384.465209603077
7,"Mar","sunny",71.9090954994317
2,"Jul","cloudy",133.404694275232
7,"May","cloudy",186.690029631136
31,"Mar","sunny",351.058711371152
25,"Jan","rainy",165.339051613118
14,"May","rainy",20.3442999895196
24,"Mar","sunny",6.92062500980683
14,"Jul","sunny",40.0508533557877
2,"Mar","cloudy",126.665259088622
30,"May","sunny",163.388626638334
17,"May","sunny",110.082711487776
3,"Mar","rainy",347.942184268031
18,"Mar","rainy",345.515709117753
23,"May","cloudy",111.457771678688
27,"Jan","sunny",389.999131937511
25,"May","rainy",141.892002228415
4,"Jul","cloudy",267.150976608973
30,"Mar","sunny",68.0880396522116
20,"Jan","rainy",347.873901813291
1,"May","sunny",316.254640168045
21,"May","sunny",225.184090177063
7,"May","cloudy",293.274805031251
21,"May","rainy",196.766017517075
14,"Jan","cloudy",55.0963961542584
18,"Mar","rainy",167.43332049693
9,"Jul","sunny",42.2462102689315
23,"May","cloudy",316.163626600755
12,"Jan","rainy",167.095653532306
15,"May","rainy",337.058235065779
4,"Mar","cloudy",201.988036371768
30,"Jan","rainy",135.905928090215
27,"Mar","cloudy",333.221066774568
15,"Jul","cloudy",359.713181286352
24,"Jan","cloudy",82.1509530115873
10,"May","sunny",356.483716799412
16,"May","rainy",281.184638041304
10,"Mar","cloudy",257.741130256327
1,"Jan","rainy",274.518276571762
26,"May","sunny",382.275363602675
17,"May","sunny",352.328334820922
2,"Mar","sunny",118.894935579738
7,"Jul","sunny",180.271120209945
28,"Mar","rainy",275.512857266003
28,"May","sunny",155.232980500441
5,"Jul","sunny",103.061086704256
21,"Jul","rainy",289.659070459893
24,"Jan","cloudy",268.054631565465
13,"Jul","rainy",213.155544024194
30,"Jul","cloudy",126.737920512678
8,"Jul","sunny",23.9956040529069
1,"May","rainy",318.359123489354
2,"Mar","cloudy",347.844451603014
18,"Jan","cloudy",6.23729546554387
16,"Mar","cloudy",118.753865796607
10,"Jul","cloudy",58.2588365860283
26,"Jan","cloudy",72.9400778131094
23,"Jan","cloudy",287.383337930078
29,"Jul","cloudy",275.8536230959
25,"May","cloudy",370.256184953032
2,"Jul","cloudy",81.359794359887
16,"May","cloudy",328.996765186312
31,"Jan","cloudy",158.494962425902
12,"Jul","rainy",117.01055584359
12,"Jan","cloudy",263.760589276208
13,"May","sunny",224.319454896031
17,"Mar","rainy",215.530248581199
14,"Jan","sunny",358.198611827102
3,"Mar","rainy",169.033409164986
1,"Jan","sunny",112.463919017464
2,"Jan","sunny",191.976528151426
15,"Jan","rainy",182.269112651702
12,"Jul","rainy",88.128487727372
14,"Jul","cloudy",108.63177917432
1,"Jan","cloudy",185.227413045941
13,"Jul","sunny",271.236565372674
26,"Jan","sunny",353.096560030244
27,"Jan","sunny",201.948705844115
30,"Jul","rainy",210.965805166634
25,"Mar","rainy",141.470195760485
21,"Jul","rainy",234.147026631981
1,"May","rainy",52.8239090868738
4,"May","sunny",367.407569674542
29,"Jul","cloudy",131.224330738187
20,"Mar","sunny",260.152048725868
31,"Mar","rainy",185.200571327005
17,"Mar","sunny",168.093771043932
22,"Mar","cloudy",389.507242647232
1,"Jan","rainy",170.469013890252
2,"Jan","cloudy",394.927458376624
7,"Jan","cloudy",283.949869242497
13,"May","rainy",324.196986797033
18,"Mar","sunny",35.3892105992418
30,"Mar","cloudy",202.282301380765
27,"Mar","cloudy",225.585891559022
27,"May","rainy",305.306221508654
31,"Jan","rainy",300.359484342625
3,"May","rainy",90.2234978741035
9,"Jan","cloudy",159.706449618097
14,"Jan","rainy",58.5624350700527
17,"Jan","rainy",92.4299268273171
17,"Jul","rainy",298.392346280161
20,"Jan","sunny",33.0150927067734
16,"May","sunny",329.366375524551
22,"Jul","sunny",330.866676316364
28,"Mar","rainy",332.633238105336
28,"Jul","sunny",32.0677834341768
13,"Jul","sunny",233.921649503754
20,"Mar","rainy",100.720928953961
7,"Jul","rainy",338.872693659505
27,"Jul","rainy",283.68094475707
14,"Jan","sunny",309.549546607304
18,"May","cloudy",382.787733821897
21,"Jan","sunny",358.291751696961
2,"Jan","rainy",248.427985882154
17,"May","rainy",365.659385228064
12,"May","sunny",132.963181249797
13,"Jan","sunny",83.0189086170867
27,"Mar","rainy",348.293165731011
12,"May","cloudy",330.106616311241
22,"Jan","rainy",396.080968324095
28,"Jan","sunny",249.733693937305
11,"Jan","cloudy",368.392616403289
8,"May","cloudy",205.575731615536
9,"May","sunny",386.38848311035
22,"May","sunny",306.472137769451
14,"Jan","cloudy",239.702966406476
11,"Jul","cloudy",109.28483557771
22,"Jul","rainy",12.7850160573144
23,"Jul","cloudy",119.293676631059
13,"Jul","cloudy",107.912945803255
20,"Mar","sunny",236.457348365802
29,"Jan","rainy",167.48671248788
22,"Jul","rainy",217.636571356561
25,"Jan","rainy",23.1570507423021
2,"Mar","cloudy",285.468300810317
30,"Jan","rainy",319.901800240623
23,"May","sunny",272.642557931831
23,"May","cloudy",66.840484776767
18,"Jul","cloudy",159.447246529162
23,"Mar","cloudy",5.22333856322803
25,"Mar","sunny",170.84862704738
22,"May","cloudy",362.101960274158
20,"Mar","cloudy",75.1001903414726
17,"Jan","sunny",371.149076146539
28,"May","sunny",152.25488029304
31,"Mar","sunny",296.927192111034
29,"Jul","cloudy",5.90400793007575
2,"Jul","rainy",128.341299431631
2,"Jul","sunny",314.475035462528
18,"Mar","sunny",160.899468051502
25,"Mar","rainy",69.7537883045152
4,"Mar","cloudy",315.48382596462
3,"May","cloudy",398.296005675802
26,"May","cloudy",70.7141410454642
18,"Mar","cloudy",190.394455759088
20,"Mar","rainy",336.72829783638
24,"Jul","rainy",260.668553739088
10,"Mar","sunny",182.284641833976
22,"Jan","cloudy",63.3843439281918
10,"Jan","sunny",27.4841993418522
28,"Mar","cloudy",248.188338890905
13,"Mar","sunny",158.256156207062
20,"May","sunny",183.805950072128
2,"Jan","rainy",41.6689154424239
28,"Jan","sunny",379.172002193518
24,"Jan","rainy",398.161869735923
27,"Mar","cloudy",87.3805229074787
2,"May","rainy",22.9686928912997
27,"May","rainy",94.5560557616409
20,"Jan","rainy",159.703831102233
18,"May","rainy",208.729411349632
23,"Jul","cloudy",227.101038945839
16,"Mar","rainy",133.008349084994
22,"May","rainy",8.98476247559302
31,"Jul","cloudy",132.637615356361
31,"Mar","rainy",98.313692335505
23,"May","sunny",93.3279252855573
29,"Jan","rainy",219.838290715124
7,"May","sunny",330.770591995679
20,"Jan","rainy",38.6003549478482
18,"Mar","sunny",349.089660188183
14,"Jul","cloudy",390.847701678285
21,"Mar","rainy",206.807480668649
5,"May","sunny",66.0025706444867
6,"Jul","cloudy",332.555129042594
27,"Jul","rainy",282.707120252308
26,"May","cloudy",286.764738296624
16,"May","sunny",333.53509655688
26,"May","rainy",398.771862810245
7,"Jan","cloudy",131.487081956584
9,"Jan","rainy",89.9388318520505
5,"Jul","rainy",374.405499703716
13,"May","rainy",111.763870039722
7,"Mar","cloudy",153.943719009403
5,"May","rainy",98.614998330595
11,"Jan","sunny",89.8721432965249
18,"Jul","cloudy",108.350770631805
23,"Jan","sunny",224.390684744576
10,"Jan","cloudy",118.130028395681
9,"Jul","cloudy",56.9341696740594
9,"May","sunny",345.832328813849
28,"Jul","rainy",163.948852644535
29,"Mar","rainy",14.6626899391413
13,"Mar","sunny",314.907254467253
13,"May","cloudy",327.593628052855
19,"Mar","sunny",68.7123923504259
15,"Mar","sunny",303.499329866609
24,"Jul","rainy",303.715686119394
8,"Jul","rainy",295.72122512036
15,"May","rainy",287.325962340692
18,"May","sunny",395.201490678592
15,"May","rainy",63.237553545041
8,"Jan","rainy",384.070688692154
28,"Jul","rainy",224.927892881678
1,"May","cloudy",380.744857726386
13,"Jul","rainy",122.905543115921
29,"Jul","rainy",323.129346824717
28,"May","cloudy",228.214416403789
15,"May","cloudy",354.513627020642
30,"Jan","sunny",217.476238394156
25,"May","sunny",5.15562401153147
27,"Jul","rainy",44.7963729547337
7,"Jul","sunny",89.2845429840963
31,"Jul","rainy",234.715457480634
13,"Jan","cloudy",186.698559304932
12,"Jul","cloudy",21.1454656906426
1,"May","rainy",379.903133999323
31,"Jul","rainy",21.3361763616558
31,"Jul","sunny",271.763423051452
8,"Mar","sunny",244.316224651411
7,"Jul","cloudy",309.951751821209
13,"May","rainy",113.62107641995
25,"Jul","sunny",117.356822285801
3,"Jul","rainy",333.944013786968
24,"Mar","rainy",207.710034123156
28,"Jan","sunny",201.659839546774
29,"Jan","rainy",139.955112107564
22,"Jan","rainy",194.080053532962
22,"Mar","rainy",141.773921896238
2,"Mar","rainy",119.116337110754
29,"Jan","cloudy",335.188171360642
20,"May","sunny",335.592130958103
14,"Mar","cloudy",389.441673159599
5,"May","sunny",387.366186002037
5,"Mar","rainy",65.6228507123888
6,"Mar","cloudy",17.2366301505826
13,"May","rainy",177.384442000184
11,"May","rainy",90.0325009063818
25,"May","cloudy",75.7246534014121
27,"Mar","cloudy",28.0743005429395
23,"May","cloudy",269.329358877148
15,"Jan","rainy",164.796431520954
25,"Mar","rainy",125.986172584817
28,"Mar","cloudy",101.4337897324
16,"May","sunny",182.00252673123
5,"Mar","sunny",359.980742160697
20,"May","cloudy",268.030204377137
24,"Jul","sunny",57.0294455031399
28,"Jul","sunny",385.651466633426
7,"May","cloudy",359.867139203707
4,"Mar","cloudy",265.858493935084
3,"May","sunny",39.2432824440766
5,"May","cloudy",102.935593466973
13,"Jan","cloudy",263.255432575243
10,"May","rainy",360.4616251681
2,"May","sunny",27.693964332575
20,"Mar","rainy",236.167852362851
13,"Jul","rainy",133.442734030541
7,"Jul","rainy",309.707437540637
1,"Mar","cloudy",27.5320302974433
28,"May","rainy",217.073086184682
11,"Jul","sunny",215.191991733154
5,"May","sunny",366.150690520881
1,"Jul","sunny",305.404742248356
27,"May","cloudy",126.038032111246
19,"Jul","sunny",284.844565493986
30,"Jan","sunny",40.1558936224319
13,"Jul","cloudy",84.9404556991067
7,"Jul","cloudy",156.839379100129
14,"Jan","cloudy",132.095365803689
6,"May","sunny",287.416004816769
17,"May","rainy",185.229142690077
17,"Mar","cloudy",45.9457197820302
3,"Jan","cloudy",14.0238187881187
20,"Jul","cloudy",132.275087389862
1,"Jul","sunny",65.5037577194162
4,"May","cloudy",93.6359903845005
14,"May","cloudy",189.235021686181
6,"Jan","rainy",148.098848651862
15,"Mar","sunny",304.516590631101
22,"Jul","cloudy",269.237338259118
8,"Jul","rainy",390.321479775012
19,"Jan","rainy",273.846412047278
28,"Mar","rainy",298.17857166403
2,"Mar","rainy",397.429954637773
2,"Mar","rainy",365.251217997866
14,"May","rainy",378.114700079896
16,"Jul","rainy",198.755631848471
7,"May","cloudy",213.929224689491
4,"Jul","cloudy",359.034956891555
22,"May","rainy",224.796374446014
22,"Jul","cloudy",290.174860421102
24,"Mar","rainy",399.921230882173
9,"Mar","rainy",163.356454907916
17,"Jan","rainy",313.732707735617
28,"May","rainy",280.710351170273
28,"Jul","sunny",214.050160263432
29,"Jul","cloudy",125.206422024639
27,"Jan","rainy",236.403300826205
19,"Mar","rainy",81.6490838024765
1,"May","rainy",249.228371601785
4,"May","cloudy",172.549219563371
31,"Mar","cloudy",212.283172202297
23,"Mar","sunny",131.067740969593
25,"Mar","sunny",227.225001006154
10,"Jan","sunny",28.645509656053
16,"Mar","cloudy",85.7886088243686
21,"Jan","rainy",300.218856650172
3,"Jul","cloudy",233.115273901494
31,"Mar","rainy",151.05987792369
19,"Mar","sunny",295.905557435472
27,"May","sunny",335.067300716182
7,"May","rainy",128.707900205627
4,"Mar","cloudy",157.362336963415
8,"May","cloudy",203.172002752544
5,"Jul","cloudy",306.984372243751
30,"Jan","cloudy",43.5493028431665
20,"May","cloudy",94.3042160989717
18,"Jan","sunny",357.788359955885
28,"May","sunny",173.716863077134
26,"Jul","sunny",275.05920923315
20,"Jul","rainy",256.341755905887
22,"Jan","cloudy",326.371931757312
18,"Mar","cloudy",245.350360091543
28,"Jul","rainy",334.472334218444
2,"Jul","cloudy",87.1507039037533
9,"Mar","sunny",228.86762409471
18,"Mar","rainy",54.0711893455591
21,"Mar","rainy",261.607900045346
20,"Jan","sunny",86.2240216054488
18,"Mar","sunny",65.5547587235924
6,"Jan","cloudy",68.6378410737962
10,"Jul","cloudy",16.5480643103365
17,"May","sunny",260.2580457367
20,"Mar","rainy",233.874948652228
25,"Mar","rainy",196.496625557775
31,"Mar","sunny",265.688291139668
27,"Jul","cloudy",238.127869426971
25,"Jan","cloudy",383.099691378884
17,"Mar","cloudy",78.6742573836818
3,"May","cloudy",59.7444009606261
13,"Jul","cloudy",19.9071460682899
19,"May","rainy",116.177580306539
16,"Mar","cloudy",371.789180313936
1,"Mar","rainy",302.895292462781
18,"Mar","rainy",163.667266726261
7,"Jan","rainy",106.735990886809
22,"Mar","rainy",389.298755829223
11,"Mar","cloudy",258.084062486887
14,"Jul","sunny",307.389446494635
16,"Jan","sunny",40.887254428817
14,"Mar","rainy",318.782202703878
8,"Mar","cloudy",213.256343917456
29,"Mar","cloudy",43.3589639072306
9,"Jul","rainy",222.123730294406
18,"Mar","rainy",177.947668373818
23,"Mar","sunny",186.3453332684
27,"Mar","sunny",384.956361677032
1,"Jul","sunny",81.14837578265
27,"Mar","cloudy",286.5651173878
23,"Jan","cloudy",151.802367054624
31,"Jul","rainy",177.31186150806
11,"Jan","sunny",352.804010502296
30,"May","rainy",7.09510855260305
10,"Jan","cloudy",128.071651433129
1,"May","sunny",295.675123992842
19,"Mar","cloudy",269.200039582793
26,"Jan","cloudy",116.717924831901
13,"Jul","sunny",239.234626652906
24,"Mar","rainy",212.212033862015
23,"Mar","rainy",332.775506140897
27,"Jan","rainy",65.2345816092566
2,"Jul","rainy",316.571640520124
23,"Jul","sunny",45.5401220486965
30,"May","rainy",56.820398599375
13,"May","cloudy",114.303300047759
6,"Jul","rainy",236.315782414749
13,"Mar","sunny",288.418448783923
21,"Mar","sunny",395.550156292738
29,"May","cloudy",379.868678149069
10,"May","sunny",237.96434609103
10,"Jul","sunny",276.460071259644
11,"Jul","rainy",113.246014304459
7,"Mar","rainy",88.8784087088425
30,"Jan","rainy",307.902148442809
14,"May","sunny",154.845641010907
12,"May","sunny",107.720302790403
2,"Mar","sunny",195.552185046254
8,"Jul","rainy",305.496128930245
14,"May","sunny",55.3864458971657
29,"May","cloudy",145.438854988897
5,"May","cloudy",380.532495832304
26,"Jan","sunny",178.903957596049
23,"Mar","sunny",184.481552732177
9,"Jul","cloudy",339.044091396499
14,"Jul","sunny",105.720443120226
23,"Jan","rainy",55.1093406649306
30,"Jul","rainy",319.74413683638
16,"Mar","rainy",100.780380539363
9,"Jul","rainy",80.5466696782969
2,"May","sunny",353.151500212261
24,"Mar","rainy",99.3611408025026
1,"Jul","sunny",216.500427654246
14,"Mar","cloudy",286.176060209982
11,"Jul","rainy",104.768955184845
14,"Jan","cloudy",60.1610069081653
1,"May","cloudy",65.5623096728232
14,"Jan","cloudy",49.8305486119352
3,"Mar","cloudy",215.302412593737
24,"Mar","sunny",62.3394594399724
9,"Jul","rainy",287.451549293473
6,"Jan","cloudy",21.4624256687239
9,"Jul","rainy",177.804321000585
17,"Jan","cloudy",84.9000451900065
29,"Jul","cloudy",109.430476083653
23,"Jul","rainy",316.577447294258
13,"May","rainy",84.5170497219078
18,"Jan","rainy",152.175035608234
18,"May","rainy",176.956071768655
20,"May","rainy",205.099088797579
4,"Jul","cloudy",248.072179496521
29,"Jan","sunny",318.799608403351
22,"Mar","sunny",266.762874244014
7,"Mar","rainy",345.220753336325
29,"Jul","sunny",177.158665546449
23,"Jul","cloudy",69.7127989481669
28,"Jan","cloudy",244.332412969088
4,"Jan","rainy",233.945838678628
29,"Mar","cloudy",76.3327216752805
18,"May","sunny",282.464682304999
1,"May","rainy",7.75198641465977
26,"Jul","rainy",39.645205315901
6,"May","cloudy",237.051270197844
15,"Jan","cloudy",135.293473857455
13,"Mar","cloudy",371.312728789635
27,"Jul","rainy",362.450248267269
30,"Jan","cloudy",270.931626637466
23,"Mar","cloudy",76.3495117402636
17,"Jan","rainy",114.693260720233
6,"Jan","rainy",210.066510969773
22,"Jan","rainy",35.4862658272032
19,"Jul","rainy",63.24601516244
31,"Jul","cloudy",129.398934101919
11,"Jul","cloudy",196.575804853346
27,"Mar","rainy",287.004496201407
31,"Mar","rainy",5.54500169819221
20,"May","cloudy",178.840158034582
20,"Mar","rainy",175.90219960548
19,"Jan","rainy",129.380751363933
17,"Jul","sunny",208.547730107093
1,"Jul","sunny",308.521069228882
17,"Mar","rainy",172.491086340742
14,"Mar","sunny",157.475717817433
14,"Jan","cloudy",377.922931867652
22,"Jul","sunny",118.851369553013
13,"May","rainy",138.160867735278
9,"Mar","sunny",329.193574446253
28,"Mar","sunny",299.252074602991
31,"May","cloudy",255.293584385654
29,"Jul","cloudy",345.862872984726
9,"Jul","sunny",323.864116520854
17,"Jul","sunny",133.925192359602
1,"Mar","cloudy",376.503928488819
30,"Mar","sunny",10.481191042345
1,"Mar","sunny",308.869725646218
21,"Jan","sunny",142.497513788985
16,"Jan","cloudy",259.742608841043
20,"May","cloudy",73.8869458227418
20,"Jul","rainy",196.548782509053
9,"Jan","rainy",326.260681160493
2,"Jan","cloudy",225.702667691512
3,"Jul","rainy",56.9878563308157
8,"May","rainy",91.723564423155
11,"May","cloudy",275.968776083319
20,"Jul","rainy",62.7145849214867
16,"Jul","sunny",95.9762846154626
18,"May","cloudy",155.203766464256
29,"May","sunny",397.983228407102
24,"Jul","rainy",260.684325901093
6,"May","cloudy",193.48305941443
30,"Mar","rainy",117.128452883335
5,"Jan","rainy",170.456495191902
15,"Jan","cloudy",63.5172626702115
16,"Jan","cloudy",6.84904329129495
9,"Jan","sunny",319.457277007168
30,"Jan","rainy",145.822684699669
25,"Jul","rainy",225.02867631265
30,"Jul","rainy",182.42949251784
19,"Jul","sunny",191.724390236195
6,"Jul","cloudy",199.502575454535
13,"Jul","sunny",59.7115006588865
15,"May","rainy",373.961635513697
19,"Jan","cloudy",234.03745951131
9,"Jan","sunny",247.253142093541
7,"May","cloudy",332.766291212756
12,"May","sunny",320.732352510095
16,"Jan","cloudy",293.830587138655
27,"May","rainy",226.381313852035
2,"Jul","cloudy",359.399995587301
17,"Jan","cloudy",254.176149111008
13,"May","cloudy",129.275155058131
21,"Jan","cloudy",182.623120784992
6,"May","cloudy",314.450077894144
4,"May","rainy",208.779190005735
30,"Mar","cloudy",224.156827513361
5,"Jul","sunny",221.823087573284
17,"Mar","rainy",302.468502703123
27,"Jul","rainy",376.456437171437
14,"Jul","sunny",44.9687887786422
17,"Jan","sunny",115.123069424881
1,"Mar","cloudy",299.315849057166
11,"Jan","cloudy",357.716279954184
29,"May","rainy",72.7466619003098
18,"Jul","sunny",154.142538692104
21,"Jul","rainy",152.161298700375
25,"May","rainy",168.093425703701
28,"Jul","rainy",272.096997711342
15,"Jul","sunny",145.397535283118
31,"May","rainy",110.758837998146
5,"Jul","cloudy",265.727735339897
7,"Jan","sunny",314.411119653378
15,"Mar","rainy",16.8155741423834
19,"May","rainy",121.820897045545
26,"Mar","cloudy",135.010477332398
19,"Jan","rainy",155.748106176034
26,"May","sunny",266.306235132506
10,"Jan","sunny",71.0614235512912
18,"Mar","sunny",35.2371724240948
22,"Jan","cloudy",301.936511456734
23,"Mar","cloudy",238.076327190502
25,"May","sunny",172.414761459222
29,"May","sunny",263.92934513744
23,"Jul","cloudy",285.313527687686
2,"Jan","sunny",273.868682583561
13,"Jan","rainy",397.31899383245
8,"Jan","rainy",224.855080170091
23,"Mar","sunny",11.8710397044197
22,"Jul","sunny",35.4736246273387
1,"Jan","rainy",332.492133558262
22,"Mar","cloudy",165.880065298406
27,"May","sunny",102.910526916385
14,"Jan","cloudy",328.468958028825
5,"Mar","rainy",28.480157534359
9,"May","sunny",255.444914130494
6,"Jul","rainy",329.163942690939
11,"Jul","rainy",30.6800161942374
20,"Jul","rainy",13.435057378374
30,"May","sunny",189.229143452831
6,"May","cloudy",177.59527363698
16,"Jul","rainy",269.489135248587
13,"May","rainy",96.7183105950244
3,"Jan","cloudy",236.677922183881
24,"May","rainy",72.7746511972509
4,"Mar","rainy",251.019088353496
18,"May","sunny",108.512234709924
14,"May","rainy",66.4498661644757
6,"Jul","sunny",327.495462218067
2,"Jan","sunny",331.803574707592
1,"Jul","cloudy",341.078868688783
20,"Jul","sunny",26.630562802311
20,"Jan","cloudy",139.344412902137
24,"Jul","rainy",65.2857644343749
2,"Jan","sunny",22.449473439483
16,"Mar","sunny",102.725015478209
23,"May","sunny",29.2280234885402
5,"Jul","sunny",386.230329148239
17,"May","sunny",27.4297945061699
4,"May","cloudy",186.554408222437
26,"Mar","cloudy",120.108548614662
5,"Mar","cloudy",20.4206964222249
1,"May","sunny",58.4850590850692
15,"Mar","sunny",364.612972873729
9,"Jan","cloudy",122.480129383039
21,"May","sunny",310.050778753357
26,"May","rainy",178.415740776109
15,"Jan","sunny",39.2404648172669
1,"Jul","rainy",373.200828727568
24,"Jan","cloudy",298.076532408595
22,"Mar","rainy",356.938016702188
5,"Jul","cloudy",243.442874840694
3,"Mar","sunny",272.752989460714
17,"Jul","cloudy",267.090974502498
26,"Jul","rainy",258.411156246439
3,"Mar","sunny",174.934045670088
28,"Mar","cloudy",383.037028911058
20,"Mar","sunny",269.675406711176
10,"Mar","rainy",360.986782724503
17,"Jul","rainy",23.539798540296
20,"Jul","rainy",195.602825719398
11,"Mar","cloudy",229.896192521555
26,"Jan","rainy",279.145385673037
12,"Mar","rainy",174.646545742871
20,"Jul","sunny",375.729825505987
5,"Mar","rainy",393.728487307671
24,"May","rainy",164.380765303504
20,"Mar","cloudy",77.3738350113854
19,"Jul","cloudy",118.524100686191
26,"Mar","sunny",192.999904886819
3,"Jan","sunny",55.9190800925717
18,"Jul","rainy",151.478983104462
16,"May","sunny",34.5875749411061
31,"Jan","cloudy",311.96662887116
17,"Jul","rainy",185.240360959433
7,"Mar","cloudy",195.805099999998
28,"Mar","cloudy",84.5980369264726
21,"Jan","cloudy",141.556488421047
7,"Mar","rainy",107.988315871917
7,"Mar","sunny",19.2617771867663
1,"Jan","rainy",78.3863318280783
31,"Mar","rainy",50.9889847389422
21,"Jul","cloudy",199.779844849836
20,"Jul","sunny",250.673357625492
10,"Jan","rainy",128.79326867871
29,"May","cloudy",107.572579114931
21,"May","sunny",117.271229962353
3,"Mar","cloudy",259.915998975048
27,"Jan","sunny",193.618701240048
18,"Mar","rainy",96.5767468512058
17,"May","cloudy",333.216094151139
20,"May","rainy",354.773762942059
24,"May","sunny",11.9897382461932
19,"Jan","rainy",300.082564058248
11,"Mar","cloudy",111.415908349445
10,"Mar","cloudy",110.709288158687
21,"Jan","rainy",336.837334944867
